<?xml version="1.0" encoding="UTF-8"?>
<project-private xmlns="http://www.netbeans.org/ns/project-private/1">
    <editor-bookmarks xmlns="http://www.netbeans.org/ns/editor-bookmarks/2" lastBookmarkId="0"/>
    <open-files xmlns="http://www.netbeans.org/ns/projectui-open-files/2">
        <group>
            <file>file:/E:/Técnico%20COTIL/TCC/DESKTOP/CADiE/src/Img/logo%20TCC.png</file>
            <file>file:/E:/Técnico%20COTIL/TCC/DESKTOP/CADiE/src/Img/addPic.png</file>
            <file>file:/E:/Técnico%20COTIL/TCC/DESKTOP/CADiE/src/Model/DAO/ExemploDAO.java</file>
            <file>file:/E:/Técnico%20COTIL/TCC/DESKTOP/CADiE/src/Model/bean/Exemplo.java</file>
            <file>file:/E:/Técnico%20COTIL/TCC/DESKTOP/CADiE/src/Model/DAO/UsuarioDAO.java</file>
            <file>file:/E:/Técnico%20COTIL/TCC/DESKTOP/CADiE/src/View/Login.java</file>
        </group>
    </open-files>
</project-private>
